year,education_score
2013,115.19999999999999
2014,115.80000000000001
2015,116.99999999999999
2016,118.4
2017,119.7
2018,121.30000000000001
